camA,camB
"2A/215_11731_representative.png", "2B/302_9420_representative.png"
"2A/68_4327_representative.png", "2B/88_3486_representative.png"
"2A/143_7581_representative.png", "2B/197_6212_representative.png"
"2A/135_7087_representative.png", "2B/183_5714_representative.png"
"2A/167_9063_representative.png", "2B/233_7296_representative.png"
"2A/213_11631_representative.png", "2B/301_9378_representative.png"
"2A/130_6943_representative.png", "2B/178_5598_representative.png"
"2A/198_10647_representative.png", "2B/276_8548_representative.png"
"2A/214_11743_representative.png", "2B/300_9422_representative.png"
"2A/37_3167_representative.png", "2B/43_2562_representative.png"
"2A/45_3395_representative.png", "2B/55_2744_representative.png"
"2A/177_9579_representative.png", "2B/246_7710_representative.png"
"2A/146_7833_representative.png", "2B/198_6290_representative.png"
"2A/118_6345_representative.png", "2B/162_5134_representative.png"
"2A/201_10797_representative.png", "2B/284_8694_representative.png"
"2A/98_5711_representative.png", "2B/132_4596_representative.png"
"2A/216_11833_representative.png", "2B/304_9498_representative.png"
"2A/88_5141_representative.png", "2B/112_4136_representative.png"
"2A/137_7333_representative.png", "2B/186_5894_representative.png"
"2A/142_7551_representative.png", "2B/196_6084_representative.png"
"2A/147_7651_representative.png", "2B/199_6158_representative.png"
"2A/51_3565_representative.png", "2B/63_2884_representative.png"
"2A/95_5439_representative.png", "2B/126_4396_representative.png"
"2A/24_2451_representative.png", "2B/19_1988_representative.png"
"2A/141_7471_representative.png", "2B/194_6022_representative.png"
"2A/90_5187_representative.png", "2B/115_4184_representative.png"
"2A/123_6783_representative.png", "2B/170_5446_representative.png"
"2A/70_4535_representative.png", "2B/96_3620_representative.png"
"2A/67_4191_representative.png", "2B/89_3384_representative.png"
"2A/20_2371_representative.png", "2B/10_1920_representative.png"
"2A/96_5503_representative.png", "2B/125_4430_representative.png"
"2A/92_5321_representative.png", "2B/119_4284_representative.png"
"2A/28_2723_representative.png", "2B/29_2222_representative.png"
"2A/193_10501_representative.png", "2B/270_8440_representative.png"
"2A/184_10179_representative.png", "2B/256_8176_representative.png"
"2A/77_4775_representative.png", "2B/101_3854_representative.png"
"2A/170_9345_representative.png", "2B/239_7612_representative.png"
"2A/122_6705_representative.png", "2B/168_5406_representative.png"
"2A/132_7011_representative.png", "2B/181_5658_representative.png"
"2A/156_8167_representative.png", "2B/212_6562_representative.png"
"2A/212_11533_representative.png", "2B/298_9270_representative.png"
"2A/65_4173_representative.png", "2B/87_3362_representative.png"
"2A/31_2993_representative.png", "2B/34_2424_representative.png"
"2A/168_9225_representative.png", "2B/235_7412_representative.png"
"2A/185_10205_representative.png", "2B/259_8212_representative.png"
"2A/54_3651_representative.png", "2B/58_2948_representative.png"
"2A/138_7325_representative.png", "2B/190_5904_representative.png"
"2A/108_6139_representative.png", "2B/150_4958_representative.png"
"2A/157_8189_representative.png", "2B/214_6584_representative.png"
"2A/111_6237_representative.png", "2B/155_5030_representative.png"
"2A/152_7783_representative.png", "2B/202_6250_representative.png"
"2A/169_9201_representative.png", "2B/236_7406_representative.png"
"2A/165_9069_representative.png", "2B/226_7288_representative.png"
"2A/93_5293_representative.png", "2B/120_4278_representative.png"
"2A/73_4635_representative.png", "2B/98_3746_representative.png"
"2A/100_5815_representative.png", "2B/136_4680_representative.png"
"2A/136_7251_representative.png", "2B/184_5834_representative.png"
"2A/155_8125_representative.png", "2B/211_6526_representative.png"
"2A/153_7783_representative.png", "2B/207_6298_representative.png"
"2A/205_11231_representative.png", "2B/290_9018_representative.png"
"2A/36_3109_representative.png", "2B/44_2534_representative.png"
"2A/206_11281_representative.png", "2B/291_9056_representative.png"
"2A/124_6803_representative.png", "2B/171_5474_representative.png"
"2A/183_10115_representative.png", "2B/254_8226_representative.png"
"2A/161_8919_representative.png", "2B/223_7162_representative.png"
"2A/140_7403_representative.png", "2B/193_5968_representative.png"
"2A/211_11549_representative.png", "2B/297_9272_representative.png"
"2A/166_9059_representative.png", "2B/230_7282_representative.png"
"2A/172_9357_representative.png", "2B/238_7526_representative.png"
"2A/217_11955_representative.png", "2B/305_9594_representative.png"
"2A/219_12265_representative.png", "2B/311_9846_representative.png"
"2A/192_10551_representative.png", "2B/269_8468_representative.png"
"2A/159_8695_representative.png", "2B/219_7000_representative.png"
"2A/56_3953_representative.png", "2B/72_3190_representative.png"
"2A/204_11053_representative.png", "2B/288_8874_representative.png"
"2A/30_2801_representative.png", "2B/28_2274_representative.png"
"2A/181_10061_representative.png", "2B/255_8094_representative.png"
"2A/86_5109_representative.png", "2B/111_4118_representative.png"
"2A/160_8941_representative.png", "2B/220_7184_representative.png"
"2A/76_4781_representative.png", "2B/100_3858_representative.png"
"2A/102_5949_representative.png", "2B/140_4788_representative.png"
"2A/103_6061_representative.png", "2B/143_4880_representative.png"
"2A/81_4939_representative.png", "2B/104_3976_representative.png"
"2A/71_4609_representative.png", "2B/97_3730_representative.png"
"2A/46_3395_representative.png", "2B/57_2750_representative.png"
"2A/26_2563_representative.png", "2B/23_2082_representative.png"
"2A/180_9969_representative.png", "2B/250_8006_representative.png"
"2A/178_9597_representative.png", "2B/247_7720_representative.png"
"2A/117_6337_representative.png", "2B/161_5112_representative.png"
"2A/59_3981_representative.png", "2B/74_3210_representative.png"
"2A/218_12071_representative.png", "2B/308_9688_representative.png"
"2A/209_11363_representative.png", "2B/293_9046_representative.png"
"2A/32_3011_representative.png", "2B/35_2436_representative.png"
"2A/120_6609_representative.png", "2B/165_5314_representative.png"
"2A/208_11329_representative.png", "2B/292_9094_representative.png"
"2A/119_6411_representative.png", "2B/160_5160_representative.png"
"2A/101_5879_representative.png", "2B/141_4764_representative.png"
"2A/91_5319_representative.png", "2B/118_4288_representative.png"
"2A/113_6289_representative.png", "2B/151_5060_representative.png"
"2A/50_3589_representative.png", "2B/64_2898_representative.png"
"2A/49_3549_representative.png", "2B/62_2868_representative.png"
"2A/75_4709_representative.png", "2B/103_3816_representative.png"
"2A/162_8897_representative.png", "2B/229_7238_representative.png"
"2A/21_2317_representative.png", "2B/15_1896_representative.png"
"2A/112_6239_representative.png", "2B/154_5030_representative.png"
"2A/57_3905_representative.png", "2B/73_3168_representative.png"
"2A/158_8439_representative.png", "2B/218_6796_representative.png"
"2A/106_6115_representative.png", "2B/149_4938_representative.png"
"2A/29_2791_representative.png", "2B/27_2266_representative.png"
"2A/189_10429_representative.png", "2B/264_8388_representative.png"
"2A/27_2765_representative.png", "2B/26_2238_representative.png"
"2A/179_9671_representative.png", "2B/243_7768_representative.png"
"2A/186_10313_representative.png", "2B/260_8292_representative.png"
"2A/89_5139_representative.png", "2B/114_4146_representative.png"
"2A/33_3055_representative.png", "2B/41_2496_representative.png"
"2A/62_4075_representative.png", "2B/84_3304_representative.png"
"2A/19_2311_representative.png", "2B/8_1876_representative.png"
"2A/99_5761_representative.png", "2B/133_4638_representative.png"
"2A/139_7399_representative.png", "2B/187_5950_representative.png"
"2A/97_5549_representative.png", "2B/127_4464_representative.png"
"2A/83_4883_representative.png", "2B/105_3938_representative.png"
"2A/58_3929_representative.png", "2B/75_3186_representative.png"
"2A/61_4131_representative.png", "2B/83_3336_representative.png"
"2A/126_6823_representative.png", "2B/174_5506_representative.png"
"2A/187_10377_representative.png", "2B/261_8386_representative.png"
"2A/128_6963_representative.png", "2B/175_5600_representative.png"
"2A/16_2201_representative.png", "2B/4_1808_representative.png"
